{
  "overall": {
    "attempts": 2829,
    "success": 1502,
    "keep": 1131,
    "destroy": 189,
    "waiting": 0,
    "unknown": 7,
    "sells": 3,
    "spent_gold": 19234850,
    "earned_gold": 0,
    "net_gold": -19234850,
    "success_rate": 0.5309296571226582,
    "destroy_rate": 0.06680805938494168
  },
  "per_level": {
    "0": {
      "attempts": 192,
      "success": 192,
      "keep": 0,
      "destroy": 0,
      "unknown": 0,
      "waiting": 0,
      "spent_gold": 1920,
      "sells": 0,
      "earned_gold": 0,
      "net_gold": -1920,
      "success_rate": 1.0,
      "destroy_rate": 0.0,
      "keep_rate": 0.0,
      "unknown_rate": 0.0
    },
    "1": {
      "attempts": 209,
      "success": 192,
      "keep": 17,
      "destroy": 0,
      "unknown": 0,
      "waiting": 0,
      "spent_gold": 4180,
      "sells": 0,
      "earned_gold": 0,
      "net_gold": -4180,
      "success_rate": 0.9186602870813397,
      "destroy_rate": 0.0,
      "keep_rate": 0.08133971291866028,
      "unknown_rate": 0.0
    },
    "2": {
      "attempts": 247,
      "success": 192,
      "keep": 55,
      "destroy": 0,
      "unknown": 0,
      "waiting": 0,
      "spent_gold": 12350,
      "sells": 0,
      "earned_gold": 0,
      "net_gold": -12350,
      "success_rate": 0.7773279352226721,
      "destroy_rate": 0.0,
      "keep_rate": 0.22267206477732793,
      "unknown_rate": 0.0
    },
    "3": {
      "attempts": 257,
      "success": 183,
      "keep": 65,
      "destroy": 8,
      "unknown": 1,
      "waiting": 0,
      "spent_gold": 25700,
      "sells": 0,
      "earned_gold": 0,
      "net_gold": -25700,
      "success_rate": 0.7120622568093385,
      "destroy_rate": 0.0311284046692607,
      "keep_rate": 0.2529182879377432,
      "unknown_rate": 0.0038910505836575876
    },
    "4": {
      "attempts": 281,
      "success": 169,
      "keep": 96,
      "destroy": 15,
      "unknown": 1,
      "waiting": 0,
      "spent_gold": 56200,
      "sells": 0,
      "earned_gold": 0,
      "net_gold": -56200,
      "success_rate": 0.6014234875444839,
      "destroy_rate": 0.05338078291814947,
      "keep_rate": 0.3416370106761566,
      "unknown_rate": 0.0035587188612099642
    },
    "5": {
      "attempts": 285,
      "success": 144,
      "keep": 115,
      "destroy": 26,
      "unknown": 0,
      "waiting": 0,
      "spent_gold": 142500,
      "sells": 0,
      "earned_gold": 0,
      "net_gold": -142500,
      "success_rate": 0.5052631578947369,
      "destroy_rate": 0.0912280701754386,
      "keep_rate": 0.40350877192982454,
      "unknown_rate": 0.0
    },
    "6": {
      "attempts": 258,
      "success": 116,
      "keep": 114,
      "destroy": 25,
      "unknown": 3,
      "waiting": 0,
      "spent_gold": 258000,
      "sells": 0,
      "earned_gold": 0,
      "net_gold": -258000,
      "success_rate": 0.4496124031007752,
      "destroy_rate": 0.09689922480620156,
      "keep_rate": 0.4418604651162791,
      "unknown_rate": 0.011627906976744186
    },
    "7": {
      "attempts": 252,
      "success": 100,
      "keep": 133,
      "destroy": 19,
      "unknown": 0,
      "waiting": 0,
      "spent_gold": 504000,
      "sells": 0,
      "earned_gold": 0,
      "net_gold": -504000,
      "success_rate": 0.3968253968253968,
      "destroy_rate": 0.07539682539682539,
      "keep_rate": 0.5277777777777778,
      "unknown_rate": 0.0
    },
    "8": {
      "attempts": 216,
      "success": 73,
      "keep": 116,
      "destroy": 27,
      "unknown": 0,
      "waiting": 0,
      "spent_gold": 1080000,
      "sells": 0,
      "earned_gold": 0,
      "net_gold": -1080000,
      "success_rate": 0.33796296296296297,
      "destroy_rate": 0.125,
      "keep_rate": 0.5370370370370371,
      "unknown_rate": 0.0
    },
    "9": {
      "attempts": 206,
      "success": 54,
      "keep": 133,
      "destroy": 18,
      "unknown": 1,
      "waiting": 0,
      "spent_gold": 2060000,
      "sells": 0,
      "earned_gold": 0,
      "net_gold": -2060000,
      "success_rate": 0.2621359223300971,
      "destroy_rate": 0.08737864077669903,
      "keep_rate": 0.6456310679611651,
      "unknown_rate": 0.0048543689320388345
    },
    "10": {
      "attempts": 158,
      "success": 38,
      "keep": 103,
      "destroy": 17,
      "unknown": 0,
      "waiting": 0,
      "spent_gold": 3160000,
      "sells": 0,
      "earned_gold": 0,
      "net_gold": -3160000,
      "success_rate": 0.24050632911392406,
      "destroy_rate": 0.10759493670886076,
      "keep_rate": 0.6518987341772152,
      "unknown_rate": 0.0
    },
    "11": {
      "attempts": 84,
      "success": 24,
      "keep": 47,
      "destroy": 13,
      "unknown": 0,
      "waiting": 0,
      "spent_gold": 2520000,
      "sells": 0,
      "earned_gold": 0,
      "net_gold": -2520000,
      "success_rate": 0.2857142857142857,
      "destroy_rate": 0.15476190476190477,
      "keep_rate": 0.5595238095238095,
      "unknown_rate": 0.0
    },
    "12": {
      "attempts": 84,
      "success": 15,
      "keep": 60,
      "destroy": 8,
      "unknown": 1,
      "waiting": 0,
      "spent_gold": 3360000,
      "sells": 0,
      "earned_gold": 0,
      "net_gold": -3360000,
      "success_rate": 0.17857142857142858,
      "destroy_rate": 0.09523809523809523,
      "keep_rate": 0.7142857142857143,
      "unknown_rate": 0.011904761904761904
    },
    "13": {
      "attempts": 61,
      "success": 7,
      "keep": 45,
      "destroy": 9,
      "unknown": 0,
      "waiting": 0,
      "spent_gold": 3050000,
      "sells": 0,
      "earned_gold": 0,
      "net_gold": -3050000,
      "success_rate": 0.11475409836065574,
      "destroy_rate": 0.14754098360655737,
      "keep_rate": 0.7377049180327869,
      "unknown_rate": 0.0
    },
    "14": {
      "attempts": 30,
      "success": 3,
      "keep": 24,
      "destroy": 3,
      "unknown": 0,
      "waiting": 0,
      "spent_gold": 2100000,
      "sells": 1,
      "earned_gold": 0,
      "net_gold": -2100000,
      "success_rate": 0.1,
      "destroy_rate": 0.1,
      "keep_rate": 0.8,
      "unknown_rate": 0.0
    },
    "15": {
      "attempts": 9,
      "success": 0,
      "keep": 8,
      "destroy": 1,
      "unknown": 0,
      "waiting": 0,
      "spent_gold": 900000,
      "sells": 2,
      "earned_gold": 0,
      "net_gold": -900000,
      "success_rate": 0.0,
      "destroy_rate": 0.1111111111111111,
      "keep_rate": 0.8888888888888888,
      "unknown_rate": 0.0
    },
    "16": {
      "attempts": 0,
      "success": 0,
      "keep": 0,
      "destroy": 0,
      "unknown": 0,
      "waiting": 0,
      "spent_gold": 0,
      "sells": 0,
      "earned_gold": 0,
      "net_gold": 0,
      "success_rate": 0.0,
      "destroy_rate": 0.0,
      "keep_rate": 0.0,
      "unknown_rate": 0.0
    },
    "17": {
      "attempts": 0,
      "success": 0,
      "keep": 0,
      "destroy": 0,
      "unknown": 0,
      "waiting": 0,
      "spent_gold": 0,
      "sells": 0,
      "earned_gold": 0,
      "net_gold": 0,
      "success_rate": 0.0,
      "destroy_rate": 0.0,
      "keep_rate": 0.0,
      "unknown_rate": 0.0
    },
    "18": {
      "attempts": 0,
      "success": 0,
      "keep": 0,
      "destroy": 0,
      "unknown": 0,
      "waiting": 0,
      "spent_gold": 0,
      "sells": 0,
      "earned_gold": 0,
      "net_gold": 0,
      "success_rate": 0.0,
      "destroy_rate": 0.0,
      "keep_rate": 0.0,
      "unknown_rate": 0.0
    },
    "19": {
      "attempts": 0,
      "success": 0,
      "keep": 0,
      "destroy": 0,
      "unknown": 0,
      "waiting": 0,
      "spent_gold": 0,
      "sells": 0,
      "earned_gold": 0,
      "net_gold": 0,
      "success_rate": 0.0,
      "destroy_rate": 0.0,
      "keep_rate": 0.0,
      "unknown_rate": 0.0
    },
    "20": {
      "attempts": 0,
      "success": 0,
      "keep": 0,
      "destroy": 0,
      "unknown": 0,
      "waiting": 0,
      "spent_gold": 0,
      "sells": 0,
      "earned_gold": 0,
      "net_gold": 0,