{
  "overall": {
    "attempts": 3399,
    "success": 1804,
    "keep": 1345,
    "destroy": 225,
    "waiting": 0,
    "unknown": 25,
    "sells": 14,
    "spent_gold": 19951630,
    "earned_gold": 0,
    "net_gold": -19951630,
    "success_rate": 0.5307443365695793,
    "destroy_rate": 0.06619593998234775
  },
  "per_level": {
    "0": {
      "attempts": 239,
      "success": 239,
      "keep": 0,
      "destroy": 0,
      "unknown": 0,
      "waiting": 0,
      "spent_gold": 2390,
      "sells": 0,
      "earned_gold": 0,
      "net_gold": -2390,
      "success_rate": 1.0,
      "destroy_rate": 0.0,
      "keep_rate": 0.0,
      "unknown_rate": 0.0
    },
    "1": {
      "attempts": 272,
      "success": 237,
      "keep": 33,
      "destroy": 0,
      "unknown": 2,
      "waiting": 0,
      "spent_gold": 5440,
      "sells": 0,
      "earned_gold": 0,
      "net_gold": -5440,
      "success_rate": 0.8713235294117647,
      "destroy_rate": 0.0,
      "keep_rate": 0.1213235294117647,
      "unknown_rate": 0.007352941176470588
    },
    "2": {
      "attempts": 282,
      "success": 238,
      "keep": 43,
      "destroy": 0,
      "unknown": 1,
      "waiting": 0,
      "spent_gold": 14100,
      "sells": 0,
      "earned_gold": 0,
      "net_gold": -14100,
      "success_rate": 0.8439716312056738,
      "destroy_rate": 0.0,
      "keep_rate": 0.1524822695035461,
      "unknown_rate": 0.0035460992907801418
    },
    "3": {
      "attempts": 325,
      "success": 221,
      "keep": 85,
      "destroy": 12,
      "unknown": 7,
      "waiting": 0,
      "spent_gold": 32500,
      "sells": 0,
      "earned_gold": 0,
      "net_gold": -32500,
      "success_rate": 0.68,
      "destroy_rate": 0.036923076923076927,
      "keep_rate": 0.26153846153846155,
      "unknown_rate": 0.021538461538461538
    },
    "4": {
      "attempts": 359,
      "success": 206,
      "keep": 130,
      "destroy": 19,
      "unknown": 4,
      "waiting": 0,
      "spent_gold": 71700,
      "sells": 0,
      "earned_gold": 0,
      "net_gold": -71700,
      "success_rate": 0.5738161559888579,
      "destroy_rate": 0.052924791086350974,
      "keep_rate": 0.362116991643454,
      "unknown_rate": 0.011142061281337047
    },
    "5": {
      "attempts": 359,
      "success": 164,
      "keep": 150,
      "destroy": 42,
      "unknown": 3,
      "waiting": 0,
      "spent_gold": 179500,
      "sells": 0,
      "earned_gold": 0,
      "net_gold": -179500,
      "success_rate": 0.4568245125348189,
      "destroy_rate": 0.116991643454039,
      "keep_rate": 0.4178272980501393,
      "unknown_rate": 0.008356545961002786
    },
    "6": {
      "attempts": 314,
      "success": 137,
      "keep": 148,
      "destroy": 27,
      "unknown": 2,
      "waiting": 0,
      "spent_gold": 314000,
      "sells": 0,
      "earned_gold": 0,
      "net_gold": -314000,
      "success_rate": 0.43630573248407645,
      "destroy_rate": 0.08598726114649681,
      "keep_rate": 0.4713375796178344,
      "unknown_rate": 0.006369426751592357
    },
    "7": {
      "attempts": 251,
      "success": 111,
      "keep": 112,
      "destroy": 26,
      "unknown": 2,
      "waiting": 0,
      "spent_gold": 502000,
      "sells": 0,
      "earned_gold": 0,
      "net_gold": -502000,
      "success_rate": 0.44223107569721115,
      "destroy_rate": 0.10358565737051793,
      "keep_rate": 0.44621513944223107,
      "unknown_rate": 0.00796812749003984
    },
    "8": {
      "attempts": 286,
      "success": 87,
      "keep": 173,
      "destroy": 25,
      "unknown": 1,
      "waiting": 0,
      "spent_gold": 1430000,
      "sells": 0,
      "earned_gold": 0,
      "net_gold": -1430000,
      "success_rate": 0.3041958041958042,
      "destroy_rate": 0.08741258741258741,
      "keep_rate": 0.6048951048951049,
      "unknown_rate": 0.0034965034965034965
    },
    "9": {
      "attempts": 227,
      "success": 61,
      "keep": 139,
      "destroy": 27,
      "unknown": 0,
      "waiting": 0,
      "spent_gold": 2270000,
      "sells": 0,
      "earned_gold": 0,
      "net_gold": -2270000,
      "success_rate": 0.2687224669603524,
      "destroy_rate": 0.11894273127753303,
      "keep_rate": 0.6123348017621145,
      "unknown_rate": 0.0
    },
    "10": {
      "attempts": 172,
      "success": 43,
      "keep": 111,
      "destroy": 18,
      "unknown": 0,
      "waiting": 0,
      "spent_gold": 3440000,
      "sells": 0,
      "earned_gold": 0,
      "net_gold": -3440000,
      "success_rate": 0.25,
      "destroy_rate": 0.10465116279069768,
      "keep_rate": 0.6453488372093024,
      "unknown_rate": 0.0
    },
    "11": {
      "attempts": 154,
      "success": 29,
      "keep": 109,
      "destroy": 14,
      "unknown": 2,
      "waiting": 0,
      "spent_gold": 4620000,
      "sells": 0,
      "earned_gold": 0,
      "net_gold": -4620000,
      "success_rate": 0.18831168831168832,
      "destroy_rate": 0.09090909090909091,
      "keep_rate": 0.7077922077922078,
      "unknown_rate": 0.012987012987012988
    },
    "12": {
      "attempts": 102,
      "success": 21,
      "keep": 72,
      "destroy": 8,
      "unknown": 1,
      "waiting": 0,
      "spent_gold": 4080000,
      "sells": 0,
      "earned_gold": 0,
      "net_gold": -4080000,
      "success_rate": 0.20588235294117646,
      "destroy_rate": 0.0784313725490196,
      "keep_rate": 0.7058823529411765,
      "unknown_rate": 0.00980392156862745
    },
    "13": {
      "attempts": 50,
      "success": 9,
      "keep": 35,
      "destroy": 6,
      "unknown": 0,
      "waiting": 0,
      "spent_gold": 2500000,
      "sells": 6,
      "earned_gold": 0,
      "net_gold": -2500000,
      "success_rate": 0.18,
      "destroy_rate": 0.12,
      "keep_rate": 0.7,
      "unknown_rate": 0.0
    },
    "14": {
      "attempts": 7,
      "success": 1,
      "keep": 5,
      "destroy": 1,
      "unknown": 0,
      "waiting": 0,
      "spent_gold": 490000,
      "sells": 7,
      "earned_gold": 0,
      "net_gold": -490000,
      "success_rate": 0.14285714285714285,
      "destroy_rate": 0.14285714285714285,
      "keep_rate": 0.7142857142857143,
      "unknown_rate": 0.0
    },
    "15": {
      "attempts": 0,
      "success": 0,
      "keep": 0,
      "destroy": 0,
      "unknown": 0,
      "waiting": 0,
      "spent_gold": 0,
      "sells": 1,
      "earned_gold": 0,
      "net_gold": 0,
      "success_rate": 0.0,
      "destroy_rate": 0.0,
      "keep_rate": 0.0,
      "unknown_rate": 0.0
    },
    "16": {
      "attempts": 0,
      "success": 0,
      "keep": 0,
      "destroy": 0,
      "unknown": 0,
      "waiting": 0,
      "spent_gold": 0,
      "sells": 0,
      "earned_gold": 0,
      "net_gold": 0,
      "success_rate": 0.0,
      "destroy_rate": 0.0,
      "keep_rate": 0.0,
      "unknown_rate": 0.0
    },
    "17": {
      "attempts": 0,
      "success": 0,
      "keep": 0,
      "destroy": 0,
      "unknown": 0,
      "waiting": 0,
      "spent_gold": 0,
      "sells": 0,
      "earned_gold": 0,
      "net_gold": 0,
      "success_rate": 0.0,
      "destroy_rate": 0.0,
      "keep_rate": 0.0,
      "unknown_rate": 0.0
    },
    "18": {
      "attempts": 0,
      "success": 0,
      "keep": 0,
      "destroy": 0,
      "unknown": 0,
      "waiting": 0,
      "spent_gold": 0,
      "sells": 0,
      "earned_gold": 0,
      "net_gold": 0,
      "success_rate": 0.0,
      "destroy_rate": 0.0,
      "keep_rate": 0.0,
      "unknown_rate": 0.0
    },
    "19": {
      "attempts": 0,
      "success": 0,
      "keep": 0,
      "destroy": 0,
      "unknown": 0,
      "waiting": 0,
      "spent_gold": 0,
      "sells": 0,
      "earned_gold": 0,
      "net_gold": 0,
      "success_rate": 0.0,
      "destroy_rate": 0.0,
      "keep_rate": 0.0,
      "unknown_rate": 0.0
    },
    "20": {
      "attempts": 0,
      "success": 0,
      "keep": 0,
      "destroy": 0,
      "unknown": 0,
      "waiting": 0,
      "spent_gold": 0,
      "sells": 0,